Source,Target,Weight
5BobbyArmstrong,COVID19Ontario,1
5BobbyArmstrong,CondoKingpin,1
5BobbyArmstrong,JohnTory,1
5BobbyArmstrong,NoCostTO,1
5BobbyArmstrong,StopTheSteal,2
5BobbyArmstrong,Toronto,2
5BobbyArmstrong,ZeroVision,1
7711irwin,VA,1
7711irwin,votersuppression,1
A213215,SleepyJoe,1
A213215,stopthesteal,2
A213215,unfairelection,1
AHepburn100,FBI,1
AHepburn100,PaulManafort,1
AHepburn100,Putin,1
A_Finch23,AuditAllStates,1
A_Finch23,StopTheSteal,1
A_Finch23,TrumpWon,1
A_Finch23,WeThePeople,1
ActusMondial,AFP,1
ActusMondial,BilanDeLaHonte,1
ActusMondial,France,1
ActusMondial,GiletsJaunes,1
ActusMondial,Macron,2
ActusMondial,STOPtheSTEAL,2
ActusMondial,Terrorisme,1
ActusMondial,manifs,1
ActusMondial,soignants,1
ActusMondial,vaccination,1
Alsamande,Macron,1
Alsamande,STOPtheSTEAL,1
AmericaHostage,Covid19,2
AmericaHostage,MakeOrwellFictionAgain,2
AmericaHostage,PresidentAsteriskBiden,2
AmericaHostage,ResistCommunism,2
AmericaHostage,Scamdemic,2
AmericaHostage,StopTheSteal,2
AmericaHostage,UnionOfSovietStatesOfAmerica,2
AmericaHostage,WeStandWithTrump,2
AndthenIsleep,kag,1
AndthenIsleep,maga,1
AndthenIsleep,misinformation,1
AphiiHypixel,CopperGolem,1
AphiiHypixel,stopthesteal,1
ArchangeAntoine,AllLivesMatter,1
ArchangeAntoine,BlueLivesMatter,1
ArchangeAntoine,MedicalFreedom,1
ArchangeAntoine,StopTheSteal,1
ArlettaBeasle11,FBI,1
ArlettaBeasle11,PaulManafort,1
ArlettaBeasle11,Putin,1
AzScopedOutTact,Squeeze,1
AzScopedOutTact,StoptheSteal,2
AzScopedOutTact,WalletWatcher,1
AzScopedOutTact,WaronCryptoTerror,2
AzScopedOutTact,WaronRugs,2
BCAri2016,BigLie,1
BCAri2016,GOPTraitorsToDemocracy,1
BCAri2016,LouBarletta,1
BCAri2016,Trump,1
BCAri2016,VoterFraud,1
BCAri2016,kag,1
BCAri2016,maga,1
BCAri2016,misinformation,1
BabeTruth2,kag,1
BabeTruth2,maga,1
BabeTruth2,misinformation,1
BatScientist,KatieCouric,1
BatScientist,RGB,1
BatScientist,StopTheSteal,1
BatScientist,TFG,1
BeckyLouOutdoor,letsgobrandon,1
BeckyLouOutdoor,stopthesteal,1
BigBoa,justiceforashli,7
BigBoa,stopthesteal,9
BigBoa,trump2024,2
BirdDissident,kag,1
BirdDissident,maga,1
BirdDissident,misinformation,1
Boiarski,BURYtheBARR,1
Boiarski,StoptheCount,1
Boiarski,StoptheSteal,1
BombshellDAILY,StopTheSteal,1
BombshellDAILY,ego,1
BombshellDAILY,illegal,1
BombshellDAILY,insurrection,1
BombshellDAILY,kag,2
BombshellDAILY,maga,2
BombshellDAILY,misinformation,2
BombshellDAILY,sedition,1
BombshellDAILY,treason,1
BrendanFerrari,Fancelli,1
BrendanFerrari,Publix,1
BrenzieK,kag,1
BrenzieK,maga,1
BrenzieK,misinformation,1
BrianLIFE_EU,CFPreality,1
BrianLIFE_EU,SSF,1
BrianLIFE_EU,cod,1
BrianLIFE_EU,stopthesteal,1
CG_innisHeaux,RecountTheVotes,1
CG_innisHeaux,StopTheSteal,1
CdevosChris,CadetBoneSpurs,1
CdevosChris,HeWas8YearsOld,1
CdevosChris,MAGA,1
CdevosChris,StopTheSteal,1
CharlesRadborne,Trump2024,1
CharlesRadborne,Trumpwon,1
CharlesRadborne,fckCNN,1
CharlesRadborne,stopthesteal,1
ChemicalEyeGuy,BananaRepublicans,4
ChemicalEyeGuy,COVID,2
ChemicalEyeGuy,CommonSense,2
ChemicalEyeGuy,Coronavirus,1
ChemicalEyeGuy,CovidVaccine,3
ChemicalEyeGuy,DoNotComply,2
ChemicalEyeGuy,DoNotVote,2
ChemicalEyeGuy,DoNothingRepublicans,2
ChemicalEyeGuy,DomesticTerrorist,1
ChemicalEyeGuy,DomesticTerrorists,1
ChemicalEyeGuy,FlatEarther,1
ChemicalEyeGuy,FormerGuy,1
ChemicalEyeGuy,GeorgeFarmer,1
ChemicalEyeGuy,Haiti,1
ChemicalEyeGuy,InjectBleach,1
ChemicalEyeGuy,Ivermectin,1
ChemicalEyeGuy,JamesMault,1
ChemicalEyeGuy,January6thInsurrection,1
ChemicalEyeGuy,KyrieIrving,1
ChemicalEyeGuy,MAGA,1
ChemicalEyeGuy,MAGAshame,1
ChemicalEyeGuy,PandemicOfTheUnvaccinated,2
ChemicalEyeGuy,PantsCandy,1
ChemicalEyeGuy,Parkland,1
ChemicalEyeGuy,PhilValentine,1
ChemicalEyeGuy,PublicSafety,1
ChemicalEyeGuy,Resist,6
ChemicalEyeGuy,ScottMcKay,1
ChemicalEyeGuy,StableGenius,1
ChemicalEyeGuy,StopTheSteal,17
ChemicalEyeGuy,TNleg,1
ChemicalEyeGuy,TinaPeters,1
ChemicalEyeGuy,TrumpRallies,1
ChemicalEyeGuy,TrumpRussiaCollusion,1
ChemicalEyeGuy,Trumpvirus,5
ChemicalEyeGuy,WhiteNationalists,1
ChemicalEyeGuy,resist,4
CissyBGood67,illegal,1
CissyBGood67,insurrection,1
CissyBGood67,kag,1
CissyBGood67,maga,1
CissyBGood67,misinformation,1
CissyBGood67,sedition,1
CissyBGood67,treason,1
CivilizedWarri1,AZAudit,1
CivilizedWarri1,STOPtheSTEAL,1
CkitOutPassitON,Fix2020Now,1
CkitOutPassitON,SaveAmerica,1
CkitOutPassitON,StopTheSteal,1
CodyAllenSucks,ALCS,1
CodyAllenSucks,RaysvsRedSox,1
CodyAllenSucks,RedSoxNation,1
CodyAllenSucks,STOPTHESTEAL,1
ColoradoIndepe1,StopTheSteal,1
ColoradoIndepe1,antifascist,1
ConCit17,BoycottTheVote,1
ConCit17,MAGA,1
ConCit17,OwnTheLibs,1
ConCit17,StopTheSteal,1
ConCit17,Trump,1
DanaHoltzbert,StopTheSteal,1
DanaHoltzbert,WNBAFinals,1
DanaHoltzbert,WNBATwitter,1
DavidMK187,VA,1
DavidMK187,votersuppression,1
DebieVivers,illegal,1
DebieVivers,insurrection,1
DebieVivers,sedition,1
DebieVivers,treason,1
DeborahYearyDDD,kag,1
DeborahYearyDDD,maga,1
DeborahYearyDDD,misinformation,1
DemocrateRhoz,ProtectRoeVWade,1
DemocrateRhoz,StopTheSteal,1
DerangedRadio,Politics,1
DerangedRadio,PoliticsNews,1
DianeDelavallee,Macron,1
DianeDelavallee,STOPtheSTEAL,1
DispatchFL,Arizona,1
DispatchFL,Trump,1
DispatchFL,factsmatter,1
DispatchFL,stopthesteal,1
DontKn0wYet,VA,1
DontKn0wYet,votersuppression,1
DrDourbine,ImpeachThe3,1
DrDourbine,StopTheSteal,1
EconomicVitali1,notasandwhich,1
EconomicVitali1,stopthesteal,1
ElectBlue2022,VA,1
ElectBlue2022,votersuppression,1
ElkeHollings,FBI,1
ElkeHollings,PaulManafort,1
ElkeHollings,Putin,1
ElonGuild,MAGA,1
ElonGuild,StopTheSteal,1
EmBeesWeb,StopTheSteal,1
EmBeesWeb,StopTheSteelers,1
EmjayWilson1,ALEC,1
EmjayWilson1,ChrisWray,1
EmjayWilson1,FederalistSociety,1
Erc20Gem,Squeeze,1
Erc20Gem,StoptheSteal,2
Erc20Gem,SuspectWallet,1
Erc20Gem,WaronCryptoTerror,3
Erc20Gem,WaronRugs,3
Erin03truth,BidenCheatedandGotCaught,1
Erin03truth,ChinaJoe,1
Erin03truth,EveryLegalVote,1
Erin03truth,FairElection,1
Erin03truth,ForensicAudit,1
Erin03truth,GetRidDominion,1
Erin03truth,GetRidOfRino,1
Erin03truth,MAGA,1
Erin03truth,RiggedElections,1
Erin03truth,StealWasReal,1
Erin03truth,StopTheSteal,1
Erin03truth,TrumpWon2020,1
Ervin13965329,AuditAll50States,1
Ervin13965329,ForensicAudit,1
Ervin13965329,Scientific,1
Ervin13965329,StopTheSteal,1
Ervin13965329,Trump,1
Ervin13965329,Trump2020,1
EyeMMom,ArizonaAudit,1
EyeMMom,DominionFraud,1
EyeMMom,Facts,1
EyeMMom,MakeItMakeSense,1
EyeMMom,StopTheSteal,1
EyeMMom,THELAW,1
EyeMMom,TheWorldIsWatching,1
EyeMMom,Truth,1
FLSqueezed,BLM,1
FLSqueezed,DawnBancroft,1
FLSqueezed,Disparities,1
FLSqueezed,ForProfitPrisons,1
FLSqueezed,InstitutionalRacism,1
FLSqueezed,Jan6th,1
FLSqueezed,Maga,1
FLSqueezed,Marijuana,1
FLSqueezed,MerrickGarland,1
FLSqueezed,NancyPelosi,1
FLSqueezed,Pennsylvania,1
FLSqueezed,RussellAllen,1
FLSqueezed,Sentencing,1
FLSqueezed,StopTheSteal,1
FLSqueezed,mississippi,1
FLSqueezed,washingtondc,1
FreeSPIRIT_06,Macron,1
FreeSPIRIT_06,STOPtheSTEAL,1
FromtheDeskOfB2,LetsGoGarland,3
FromtheDeskOfB2,LockTrumpUP,1
FromtheDeskOfB2,LockTrumpUp,1
FromtheDeskOfB2,StopTheSteal,3
FullMetalJokerx,Insurrection,1
FullMetalJokerx,Jan6th,1
FullMetalJokerx,StopTheSteal,1
Gavin_Ole,Squeeze,1
Gavin_Ole,StoptheSteal,2
Gavin_Ole,WalletWatcher,1
Gavin_Ole,WaronCryptoTerror,3
Gavin_Ole,WaronRugs,3
Gilliganista,AmandaChase,1
Gilliganista,Arizona,1
Gilliganista,Bannon,1
Gilliganista,Chase,1
Gilliganista,Finchem,1
Gilliganista,Fredericks,1
Gilliganista,GlennYoungkin,1
Gilliganista,January6thinsurrection,1
Gilliganista,MarkFinchem,1
Gilliganista,Paine,1
Gilliganista,QAnon,1
Gilliganista,RepMarkFinchem,1
Gilliganista,Satanic,1
Gilliganista,StopTheSteal,1
Gilliganista,Trump,1
Gilliganista,VA,1
Gilliganista,Virginia,1
Gilliganista,Youngkin,1
Gilliganista,ZakPaine,1
Gilliganista,audit,1
Gilliganista,cabal,1
Gilliganista,cannibalistic,1
Gilliganista,patriots,1
Gilliganista,pedophiles,1
Gilliganista,rioters,1
GrassrootsDNC,DoNotComply,1
GrassrootsDNC,DoNotVote,1
GrassrootsDNC,DoNothingRepublicans,1
GrassrootsDNC,DomesticTerrorist,1
GrassrootsDNC,ScottMcKay,1
GrassrootsDNC,StopTheSteal,1
GreatestGen41,ALI,1
GreatestGen41,LauraLoomer,1
GreatestGen41,StopTheSteal,1
GrumpBunny,EmptyShelvesBiden,1
GrumpBunny,Stopthesteal,1
GunnerJr357,Insurrection,1
GunnerJr357,Jan6th,1
GunnerJr357,StopTheSteal,1
GuyGStevens,StopTheSteal,1
GuyGStevens,TheBigLie,1
Happyalive6526,Squeeze,2
Happyalive6526,StoptheSteal,3
Happyalive6526,SuspectWallet,1
Happyalive6526,WalletWatcher,1
Happyalive6526,WaronCryptoTerror,4
Happyalive6526,WaronRugs,4
HarberRay,AZAudit,1
HarberRay,STOPtheSTEAL,1
Hard2finetj,MerrickGarland,1
Hard2finetj,StopFacebook,1
Hard2finetj,Stopthesteal,2
Hard2finetj,VoteBlue2022,1
Hard2finetj,YouTube,1
HawkeyeFan1983,VA,1
HawkeyeFan1983,votersuppression,1
Hig44,100x,1
Hig44,100xGems,3
Hig44,100xcoin,1
Hig44,100xgem,1
Hig44,Altcoins,1
Hig44,Crypto,1
Hig44,CryptoGems,2
Hig44,CryptoNews,2
Hig44,ERC20,1
Hig44,ERC20tokens,1
Hig44,GEM,3
Hig44,NewHeatCoinontheComeUp,2
Hig44,Squeeze,8
Hig44,StoptheSteal,10
Hig44,SuspectWallet,1
Hig44,WalletWatcher,6
Hig44,WaronCryptoTerror,10
Hig44,WaronCryptoTerrro,1
Hig44,WaronRugs,11
Hig44,altcoin,1
Hig44,blockchain,1
Hig44,cryptocurrecy,2
Hig44,cryptocurrencies,2
Hig44,cryptocurrency,2
Hig44,cryptogem,1
Hig44,investing,3
HodlnSqueeez,WaronCryptoTerror,1
HodlnSqueeez,WaronRugs,1
ImbackAgain81,StopTheSteal,1
ImbackAgain81,WNBAFinals,1
ImbackAgain81,WNBATwitter,1
InuUae,Squeeze,3
InuUae,StoptheSteal,4
InuUae,SuspectWallet,1
InuUae,WalletWatcher,1
InuUae,WaronCryptoTerror,4
InuUae,WaronRugs,4
JJManring,kag,1
JJManring,maga,1
JJManring,misinformation,1
JJMaples55_MST,peak75,1
JJMaples55_MST,releaseyourballots,1
JJMaples55_MST,stopthesteal,1
JJMaples55_MST,wedeserveanswers,1
JPierreBrissot,FRAUD2020,1
JPierreBrissot,STOPTHESTEAL,1
JacekJasinski,FBI,1
JacekJasinski,PaulManafort,1
JacekJasinski,Putin,1
JacobPoki,AZAudit,1
JacobPoki,stopthesteal,1
JaiBlake22,EnforceTheSubpeonas,1
JaiBlake22,StopTheSteal,1
Jak46Judith,VA,1
Jak46Judith,votersuppression,1
JasonHuckLewis,FBI,1
JasonHuckLewis,PaulManafort,1
JasonHuckLewis,Putin,1
JauntyWhisper,StopTheSteal,1
JauntyWhisper,broke,1
JauntyWhisper,morons,1
JerrySwiacke2,LetsGoGarland,1
JerrySwiacke2,LockTrumpUp,1
JerrySwiacke2,StopTheSteal,1
JimJ25970359,AZAudit,1
JimJ25970359,STOPtheSTEAL,1
Jimbo49011,BidenMustGo,1
Jimbo49011,StopTheBullShit,1
Jimbo49011,StopTheSteal,1
JimmyWoods1957,AZAudit,1
JimmyWoods1957,STOPtheSTEAL,1
JoanC152,kag,1
JoanC152,maga,1
JoanC152,misinformation,1
JoeKamalaTicket,StopTheSteal,1
JoeKamalaTicket,VoteBlue,1
Joeanthony_nyc,BigLie,3
Joeanthony_nyc,Capitol,1
Joeanthony_nyc,Conservatism,1
Joeanthony_nyc,Conservative,1
Joeanthony_nyc,ConspiracyTheory,1
Joeanthony_nyc,CriticalRaceTheory,1
Joeanthony_nyc,Democracy,2
Joeanthony_nyc,Democrats,1
Joeanthony_nyc,EmancipationProclamation,1
Joeanthony_nyc,FormerGuy,1
Joeanthony_nyc,GOP,3
Joeanthony_nyc,GetOut,1
Joeanthony_nyc,Hope,6
Joeanthony_nyc,Insurrectionists,1
Joeanthony_nyc,Jan6,1
Joeanthony_nyc,Jan6NeverAgain,2
Joeanthony_nyc,Juneteenth,1
Joeanthony_nyc,Party,1
Joeanthony_nyc,Racist,1
Joeanthony_nyc,Republicans,4
Joeanthony_nyc,SCOTUS,1
Joeanthony_nyc,SCOUTUS,1
Joeanthony_nyc,StopTheLying,1
Joeanthony_nyc,StopTheSteal,5
Joeanthony_nyc,Texas,1
Joeanthony_nyc,USA,6
Joeanthony_nyc,VoteBlue,5
Joeanthony_nyc,VoteBlueToSaveAmerica,2
Joeanthony_nyc,WeCallBS,1
Joeanthony_nyc,WhiteSupremacists,1
Joeanthony_nyc,facebookwhistleblower,1
Joeanthony_nyc,racist,1
Joeanthony_nyc,slaves,1
JohnSta04243440,illegal,1
JohnSta04243440,insurrection,1
JohnSta04243440,kag,1
JohnSta04243440,maga,1
JohnSta04243440,misinformation,1
JohnSta04243440,sedition,1
JohnSta04243440,treason,1
JoymcdMcdonald,FBI,1
JoymcdMcdonald,PaulManafort,1
JoymcdMcdonald,Putin,1
JrUnreal,VA,1
JrUnreal,votersuppression,1
JustTheFacts68,VA,1
JustTheFacts68,votersuppression,1
Kali2Zona,StoptheSteal,1
Kali2Zona,WaronCryptoTerror,1
Kali2Zona,WaronRugs,1
KathleenAFranck,kag,1
KathleenAFranck,maga,1
KathleenAFranck,misinformation,1
Keds1250878727,StopTheSteal,1
Keds1250878727,TheBigLie,1
KeepItTrue2,BigLie,1
KeepItTrue2,Democracy,1
KeepItTrue2,StopTheSteal,1
KeepItTrue2,Trump,1
KenGarrettZ,AshliBabbitt,1
KenGarrettZ,StopTheSteal,1
KenGreenberg,Democrats,1
KenGreenberg,Dems,1
KenGreenberg,DrainTheSwamp,2
KenGreenberg,ElectionLaws,1
KenGreenberg,StopTheSteal,2
KenGreenberg,SwampNeedsDraining,2
KenGreenberg,TrueTheVote,2
KenGreenberg,VA,1
KenGreenberg,Virginia,1
KerrinHester,AuditAll50States,1
KerrinHester,StopTheSteal,1
KerrinHester,Trump,1
KerrinHester,TrumpWon,1
KerrinHester,USA,1
KevinPascoe,BidenWonDay,1
KevinPascoe,StopTheSteal,1
KevinPascoe,TacoTuesday,1
KevinPascoe,TuesdayFeeling,1
KevinPascoe,TuesdayVibe,1
KevinPascoe,vaccine,1
KrauseForIowa,BigLie,1
KrauseForIowa,House,2
KrauseForIowa,IaDems,1
KrauseForIowa,IaPolitics,1
KrauseForIowa,KrauseCares,1
KrauseForIowa,SavingDemocracy,2
KrauseForIowa,Senate,2
KrauseForIowa,StopTheSteal,1
Krickette01,FBI,1
Krickette01,PaulManafort,1
Krickette01,Putin,1
LevDoctor,AZAudit,1
LevDoctor,STOPtheSTEAL,1
Lilolady3,stopthesteal,1
Lilolady3,wakeup,1
LindaCollins11,AliAlexander,1
LindaCollins11,Jan6Committee,1
LindaCollins11,StopTheSteal,1
LoganHeth,dowhatsright,1
LoganHeth,stopthesteal,1
MattCrane_,copolitics,1
MattCrane_,elections,1
MattCrane_,stopthesteal,1
Mess89147186,Macron,1
Mess89147186,STOPtheSTEAL,1
MikeLantigua,mcgrathwon,1
MikeLantigua,stopthesteal,1
MurielVieux,VA,1
MurielVieux,votersuppression,1
NancyRog11,Fancelli,1
NancyRog11,Publix,1
NatWittee,illegal,1
NatWittee,insurrection,1
NatWittee,sedition,1
NatWittee,treason,1
NoBeardEcho6,Insurrection,1
NoBeardEcho6,Jan6th,1
NoBeardEcho6,ReportAbuse,1
NoBeardEcho6,StopTheSteal,1
NthnGd4,illegal,1
NthnGd4,insurrection,1
NthnGd4,sedition,1
NthnGd4,treason,1
OhTheBillSN2,AliAlexander,1
OhTheBillSN2,BrandonStraka,1
OhTheBillSN2,RogerStone,1
OhTheBillSN2,StopTheSteal,1
OnTaskDemocrat,BanFracking,1
OnTaskDemocrat,FreeTrade,1
OnTaskDemocrat,RestorePA,1
OnTaskDemocrat,StopTheSteal,1
Oregonemom,Fancelli,1
Oregonemom,Publix,1
Orly_licious,2020Election,1
Orly_licious,Insurrectionist,1
Orly_licious,J6,2
Orly_licious,January6th,1
Orly_licious,StopTheSteal,2
PERsisterER,HonestyMatters,1
PERsisterER,NJGovDebate,1
PERsisterER,StopTheSteal,2
PERsisterER,ThereAreReceipts,1
PamScott1969,FBI,1
PamScott1969,PaulManafort,1
PamScott1969,Putin,1
Pen_Bird,DefundThePolice,1
Pen_Bird,StopTheSteal,1
PensionPython,StopTheSteal,1
PensionPython,TraitorTrump,1
PinkPeonies2014,kag,1
PinkPeonies2014,maga,1
PinkPeonies2014,misinformation,1
ProudNonTheist,StopTheSteal,1
ProudNonTheist,VotingRightsAct,1
Pubhistorian,GeorgeFarmer,1
Pubhistorian,StopTheSteal,1
PvtLeonard,Insurrection,1
PvtLeonard,Jan6th,1
PvtLeonard,StopTheSteal,1
RFCBBQ1,StoptheSteal,1
RFCBBQ1,WaronCryptoTerror,1
RFCBBQ1,WaronRugs,1
RLAlgadi,FBI,1
RLAlgadi,PaulManafort,1
RLAlgadi,Putin,1
RalphLCampbell1,Children,1
RalphLCampbell1,Ciatarelli,1
RalphLCampbell1,Democrats,2
RalphLCampbell1,Election,1
RalphLCampbell1,Governors,1
RalphLCampbell1,Hate,1
RalphLCampbell1,Hateful,1
RalphLCampbell1,JackCiatarelli,1
RalphLCampbell1,JimCrow,1
RalphLCampbell1,Malls,2
RalphLCampbell1,NewJersey,3
RalphLCampbell1,OpenCarryGun,1
RalphLCampbell1,Parks,1
RalphLCampbell1,Pennsylvania,1
RalphLCampbell1,PlannedParenthood,1
RalphLCampbell1,Police,1
RalphLCampbell1,Republican,3
RalphLCampbell1,Republicans,1
RalphLCampbell1,StoptheSteal,4
RalphLCampbell1,Supermarkets,1
RalphLCampbell1,Texas,1
RalphLCampbell1,Trump,4
RalphLCampbell1,Virginia,1
RalphLCampbell1,Votersuppression,1
RalphLCampbell1,democracy,1
RaveenWatch,StopTheSteal,1
RaveenWatch,TheBigLie,1
RayShoesmith,ArizonaAudit,1
RayShoesmith,DominionFraud,1
RayShoesmith,Facts,1
RayShoesmith,StopTheSteal,1
RayShoesmith,THELAW,1
RayShoesmith,Truth,1
RedPillDetox,BigLie,1
RedPillDetox,Democracy,1
RedPillDetox,GetOut,1
RedPillDetox,Hope,1
RedPillDetox,Republicans,1
RedPillDetox,USA,1
ReverendDrDash,StopTheSteal,1
ReverendDrDash,WNBAFinals,1
ReverendDrDash,WNBATwitter,1
RichFlareFLR,ReleaseTheSGB,1
RichFlareFLR,stopthesteal,1
RobHNY,AuditIowa,1
RobHNY,CyberNinjas,2
RobHNY,DECERTIFYiowa,1
RobHNY,Fraudit,1
RobHNY,IOWA,1
RobHNY,IowaAudit,3
RobHNY,JonDunwellCheated,1
RobHNY,StopTheSteal,4
RogerBland10,AZAudit,1
RogerBland10,STOPtheSTEAL,1
RogerthornH,LetsGoBrandon,1
RogerthornH,MAGA,4
RogerthornH,StopTheSteal,4
RogerthornH,TrumpDesantis2024,4
RrrussT1,IPunishedChina,1
RrrussT1,Jan6thCommittee,1
RrrussT1,PatriotRepublicans,1
RrrussT1,StopTheSqueal,1
RrrussT1,StopTheSteal,1
RrrussT1,Trump,1
RrrussT1,Trump2024,1
RrrussT1,WineAndDine,1
SBarr94857815,MAGA,1
SBarr94857815,StopTheSteal,1
SSullivan38,VA,1
SSullivan38,votersuppression,1
Sbh08Mae,VA,1
Sbh08Mae,votersuppression,1
SideeyeSlant,FBI,1
SideeyeSlant,PaulManafort,1
SideeyeSlant,Putin,1
Sircam1,landback,1
Sircam1,landfraud,1
Sircam1,stopthesteal,1
Sircam1,their,1
Sircam1,thelandwasstole,1
SmittyzzSmitty,EmptyShelvesJoe,1
SmittyzzSmitty,FJB,1
SmittyzzSmitty,stopthesteal,1
SonOfAlgos,AliAlexander,1
SonOfAlgos,January6th,1
SonOfAlgos,StoptheSteal,1
SonyaBaker2,Fancelli,1
SonyaBaker2,Publix,1
SqueezeHODLer,Squeeze,1
SqueezeHODLer,StoptheSteal,2
SqueezeHODLer,WaronCryptoTerror,3
SqueezeHODLer,WaronRugs,3
SqueezeReporter,Squeeze,3
SqueezeReporter,StoptheSteal,4
SqueezeReporter,SuspectWallet,1
SqueezeReporter,WalletWatcher,2
SqueezeReporter,WaronCryptoTerror,5
SqueezeReporter,WaronRugs,5
SqueezeTokenOG,Squeeze,5
SqueezeTokenOG,StoptheSteal,6
SqueezeTokenOG,SuspectWallet,1
SqueezeTokenOG,WalletWatcher,2
SqueezeTokenOG,WaronCryptoTerror,7
SqueezeTokenOG,WaronRugs,7
StimulusCheck7,Squeeze,1
StimulusCheck7,StoptheSteal,1
StimulusCheck7,WaronCryptoTerror,1
StimulusCheck7,WaronRugs,1
StockScout1,Fancelli,1
StockScout1,Publix,1
Suldo3311,kag,1
Suldo3311,maga,1
Suldo3311,misinformation,1
SunjayJK,CancelCulture,1
SunjayJK,FarRight,1
SunjayJK,GoP,1
SunjayJK,HoodCounty,1
SunjayJK,MicheleCarew,1
SunjayJK,StopTheSteal,1
SunjayJK,Texas,1
SunjayJK,tRump,1
TJ1ofOne,StopTheSteal,1
TJ1ofOne,WNBAFinals,1
TJ1ofOne,WNBATwitter,1
TacticalStrikex,Insurrection,1
TacticalStrikex,Jan6th,1
TacticalStrikex,StopTheSteal,1
Tam_Resist,AbortionBan,1
Tam_Resist,AbortionIsLegal,1
Tam_Resist,BLUEWAVE2022,1
Tam_Resist,DemVoice1,5
Tam_Resist,Demvoice1,2
Tam_Resist,GOPDomesticTerrorists,1
Tam_Resist,Gardasil,1
Tam_Resist,Jan6SelectCommittee,1
Tam_Resist,Jan6thCommittee,1
Tam_Resist,ONEV1,7
Tam_Resist,PlagueOfTheUnvaccinated,1
Tam_Resist,SeditionHasConsequences,1
Tam_Resist,StopTheSteal,8
Tam_Resist,VA,1
Tam_Resist,WarOnWomen,1
Tam_Resist,manypeoplearesaying,1
Tam_Resist,votersuppression,1
The14thUS,stopthesteal,1
The14thUS,stopthevote,1
TheGreenSwan2,CessateTheInsantiy,1
TheGreenSwan2,MerkaSucks,1
TheGreenSwan2,StopTheSteal,1
TheRegP,Insurrection,1
TheRegP,Jan6th,1
TheRegP,StopTheSteal,1
TheSilentLie,America,1
TheSilentLie,Democracy,1
TheSilentLie,Stopthesteal,1
TheSilentLie,ThereWasNoSreal,1
TheSilentLie,Vote,1
TheSilentLie,politics,1
TheSilentLie,trumplost,1
ThisAcc63902798,golemsincontrol,1
ThisAcc63902798,stopthesteal,1
TimaUrielle,Macron,1
TimaUrielle,STOPtheSTEAL,1
TonyB1025,ALCS,4
TonyB1025,stopthesteal,4
TrumpHasGot2Go,BigLie,1
TrumpHasGot2Go,COVID19,1
TrumpHasGot2Go,Dying,1
TrumpHasGot2Go,Exploited,1
TrumpHasGot2Go,FINE,1
TrumpHasGot2Go,FactsMatter,1
TrumpHasGot2Go,GOPTraitorsToDemocracy,1
TrumpHasGot2Go,Hospitalized,1
TrumpHasGot2Go,ImmuneSystem,1
TrumpHasGot2Go,Lied,1
TrumpHasGot2Go,LouBarletta,1
TrumpHasGot2Go,MailInBallots,1
TrumpHasGot2Go,PickThePockets,1
TrumpHasGot2Go,PickYourPockets,2
TrumpHasGot2Go,RNC,1
TrumpHasGot2Go,Scam,2
TrumpHasGot2Go,StopTheSteal,4
TrumpHasGot2Go,Trump,1
TrumpHasGot2Go,TruthMatters,1
TrumpHasGot2Go,UnVaccinated,1
TrumpHasGot2Go,Used,1
TrumpHasGot2Go,Vaccines,1
TrumpHasGot2Go,VoterFraud,2
TrumpHasGot2Go,Voters,1
TrumpWatchNews,Fancelli,1
TrumpWatchNews,Publix,1
TruthBlooms1,kag,1
TruthBlooms1,maga,1
TruthBlooms1,misinformation,1
TutiCzo,Squeeze,2
TutiCzo,StoptheSteal,3
TutiCzo,SuspectWallet,1
TutiCzo,WalletWatcher,1
TutiCzo,WaronCryptoTerror,4
TutiCzo,WaronRugs,4
TweetSword357,covid19vic,1
TweetSword357,dannext,1
TweetSword357,napthinewon,1
TweetSword357,sackdanandrews,1
TweetSword357,stopthesteal,1
TweetsPamela,CadetBoneSpurs,1
TweetsPamela,HeWas8YearsOld,1
TweetsPamela,MAGA,1
TweetsPamela,StopTheSteal,1
UKtoUSmomma,incels,1
UKtoUSmomma,masterrace,1
UKtoUSmomma,stopthesteal,1
Ultra_Lib,sitthisoneout,1
Ultra_Lib,stopthesteal,1
UrA11Dumb,azaudit,1
UrA11Dumb,patriots,1
UrA11Dumb,stopthesteal,1
UrA11Dumb,trumpwon,1
VickiEngel11,BigLiarDJT,1
VickiEngel11,SoreLoser,1
VickiEngel11,StopTheSteal,1
VickiEngel11,TrumpRally,1
ViolaAl47236120,FBI,1
ViolaAl47236120,PaulManafort,1
ViolaAl47236120,Putin,1
VoteHimAway,GQP,1
VoteHimAway,January6thInsurrection,1
VoteHimAway,LaughingStockOfTheWorld,1
VoteHimAway,LoserTrump,1
VoteHimAway,RIPGOP,1
VoteHimAway,Republicans,1
VoteHimAway,TrumpCoupAttempt,1
VoteHimAway,boycottatt,1
VoteHimAway,foxnews,1
VoteHimAway,getoverit,1
VoteHimAway,gop,1
VoteHimAway,gqp,1
VoteHimAway,lachlanmurdoch,1
VoteHimAway,lauraingraham,1
VoteHimAway,losertrump,1
VoteHimAway,maga,1
VoteHimAway,mycrackpipe,1
VoteHimAway,mycrackpipeguy,1
VoteHimAway,mypillow,1
VoteHimAway,mypillowguy,1
VoteHimAway,oann,1
VoteHimAway,pillows,1
VoteHimAway,releasetheCrackPipe,1
VoteHimAway,republicans,1
VoteHimAway,stopthesqueal,1
VoteHimAway,stopthesteal,2
VoteHimAway,trump,1
VoteHimAway,trumplost,2
VoteHimAway,voiceoftheignorant,1
VoteHimAway,wearemorons,1
Waterfall122016,HonestyMatters,1
Waterfall122016,StopTheSteal,1
Watooosh,kag,1
Watooosh,maga,1
Watooosh,misinformation,1
Wethepeoplethe2,CPSCorruption,1
Wethepeoplethe2,FamiliesBelongTogether,1
Wethepeoplethe2,GoodbyeAFCC,1
Wethepeoplethe2,SANMATEO,1
Wethepeoplethe2,icbkidnappers,1
Winelover3384,kag,1
Winelover3384,maga,1
Winelover3384,misinformation,1
Woodlandhil2431,Accountability,1
Woodlandhil2431,stopthesteal,1
YelichWasRobbed,Brewers2021,1
YelichWasRobbed,MakeMLBGreatAgain,1
YelichWasRobbed,StopTheSteal,1
YouCanFoolMost,StoptheSteal,1
YouCanFoolMost,WaronCryptoTerror,1
YouCanFoolMost,WaronRugs,1
Zaphods50,Audit,1
Zaphods50,StopTheSteal,1
adamdevotion,FBI,1
adamdevotion,PaulManafort,1
adamdevotion,Putin,1
adamhuntr,electioncancelled,1
adamhuntr,nomoreballots,1
adamhuntr,stopthesteal,1
adamhuntr,voteboycott,1
adamhuntr,voterfraud,1
alien_afa,StopTheSteal,1
alien_afa,insurrectionist,1
alien_afa,jan6,1
aliminish,VA,1
aliminish,votersuppression,1
angela_dummett,FBI,1
angela_dummett,PaulManafort,1
angela_dummett,Putin,1
angie_keathly,VA,1
angie_keathly,votersuppression,1
arw1950,kag,1
arw1950,maga,1
arw1950,misinformation,1
asheflynn,kag,1
asheflynn,maga,1
asheflynn,misinformation,1
avincens,captK,1
avincens,letsgobrandon,1
avincens,stopthesteal,1
awoaca,Fancelli,1
awoaca,Publix,1
aynrandfan,Georgia,1
aynrandfan,StopTheSteal,1
bPositive_,BananaRepublic,1
bPositive_,BananaSplit,1
bPositive_,ElectionInterference,1
bPositive_,FactGate,1
bPositive_,HowDemocracyEnds,1
bPositive_,Republicans,1
bPositive_,StopTheSteal,1
bPositive_,TrumpCoupPlot,1
bigg_daddie_sao,Squeeze,1
bigg_daddie_sao,StoptheSteal,1
bigg_daddie_sao,WalletWatcher,1
bigg_daddie_sao,WaronCryptoTerror,1
bigg_daddie_sao,WaronRugs,1
braymondclark,SaveAmerica,1
braymondclark,StopTheSteal,1
buddy_dek,AmericanJustice,1
buddy_dek,DOJ,1
buddy_dek,InvestigatingThatDay,1
buddy_dek,StopTheSteal,1
cali_n8vgrl,Hostetter,2
cali_n8vgrl,Rohrbacher,2
cali_n8vgrl,STOPTHESTEAL,1
cali_n8vgrl,StopTheSteal,1
cali_n8vgrl,Yakunin,1
canadapoast,imstillwithher,1
canadapoast,stopthesteal,1
carlosvictorva6,kag,1
carlosvictorva6,maga,1
carlosvictorva6,misinformation,1
casualty_acid,Insurrection,1
casualty_acid,Jan6th,1
casualty_acid,StopTheSteal,1
cdew9212,RIGGED,1
cdew9212,STOPTHESTEAL,1
cdew9212,UNFAIR,1
cevoustad,Macron,1
cevoustad,STOPtheSTEAL,1
chadhatesoh,MAGA,1
chadhatesoh,STOPTHESTEAL,1
charmsblowpop,CountTheVotes,1
charmsblowpop,IAMBEINGSUPPRESSED,1
charmsblowpop,StopTheSteal,1
cincycher,House,1
cincycher,SavingDemocracy,1
cincycher,Senate,1
crooksandliars,Capitol,1
crooksandliars,Fancelli,2
crooksandliars,Heiress,1
crooksandliars,Insurrection,1
crooksandliars,MAGASeditionRiot,1
crooksandliars,Publix,2
crooksandliars,RAGA,1
crooksandliars,Robocall,1
crooksandliars,StopTheSteal,1
cryptomars2021,Squeeze,1
cryptomars2021,StoptheSteal,2
cryptomars2021,WaronCryptoTerror,2
cryptomars2021,WaronRugs,2
daralebrun,FBI,1
daralebrun,PaulManafort,1
daralebrun,Putin,1
darionavarro111,kag,1
darionavarro111,maga,1
darionavarro111,misinformation,1
ddanpereira,Deripaska,1
ddanpereira,FBI,1
ddanpereira,PaulManafort,1
ddanpereira,Putin,1
ddanpereira,Russia,1
ddanpereira,StopTheSteal,1
ddanpereira,Trump,1
deb_523,kag,1
deb_523,maga,1
deb_523,misinformation,1
debbie156,VA,1
debbie156,votersuppression,1
dem0n1,Fancelli,1
dem0n1,Publix,1
dolliod,House,1
dolliod,SavingDemocracy,1
dolliod,Senate,1
drewny01,IStandWithGruden,1
drewny01,JoeFrauden,1
drewny01,MAGA,1
drewny01,StopTheSteal,1
drjjr500,AliAlexander,1
drjjr500,Jan6Committee,1
drjjr500,StopTheSteal,1
ed_george_,Biden,1
ed_george_,ExpandtheCourt,1
ed_george_,MitchMcConnell,1
ed_george_,SCOTUS,1
ed_george_,StOPtheSTEAL,1
ed_george_,SupremeCourt,1
ed_george_,Trump,1
edlewusa,MAGA,1
edlewusa,StopTheSteal,1
edlewusa,Trump,1
emp4all,Fancelli,1
emp4all,Publix,1
eouard,Macron,1
eouard,STOPtheSTEAL,1
eyeblion,FBI,1
eyeblion,PaulManafort,1
eyeblion,Putin,1
fakebobbygatlin,AuditAll50States,1
fakebobbygatlin,stopthesteal,1
fishnfreak,EmptyShelvesJoe,1
fishnfreak,FJoeBiden,1
fishnfreak,LetsGoBrandon,1
fishnfreak,StopTheSteal,1
fishnfreak,Throwback,1
fishnfreak,ThrowbackThursdays,1
floatsuper,IDemandARecount,1
floatsuper,ItWasRigged,1
floatsuper,MitchLost,1
floatsuper,StopTheSteal,1
forgive_luv,GQP,1
forgive_luv,LaughingStockOfTheWorld,1
forgive_luv,LoserTrump,1
forgive_luv,RIPGOP,1
forgive_luv,Republicans,1
forgive_luv,getoverit,1
forgive_luv,stopthesqueal,1
forgive_luv,stopthesteal,1
forgive_luv,trumplost,1
gigantorwes,DrainTheSwamp,1
gigantorwes,StopTheSteal,1
golfnut211,Fancelli,1
golfnut211,Publix,1
gooder_grits,StopTheSqueal,1
gooder_grits,StopTheSteal,1
gr8tvaluebiggie,HangingChad,1
gr8tvaluebiggie,StolenElection,1
gr8tvaluebiggie,StopTheSteal,1
grandpamike1,kag,1
grandpamike1,maga,1
grandpamike1,misinformation,1
gruau_yves,Macron,1
gruau_yves,STOPtheSTEAL,1
hopefulcritic,Insurrection,1
hopefulcritic,Jan6th,1
hopefulcritic,StopTheSteal,1
imnotatrain69,BLM,1
imnotatrain69,COVID19,1
imnotatrain69,JoeBidenIsaDisgrace,1
imnotatrain69,JoeBidensAmerica,1
imnotatrain69,MAGA2024,1
imnotatrain69,TrumpRally,1
imnotatrain69,TrumpWasRight,1
imnotatrain69,stopthesteal,1
infoshaman,Fancelli,1
infoshaman,Publix,1
jaguard22222,Macron,1
jaguard22222,STOPtheSTEAL,1
jasonrapert,StopTheSteal,1
jasonrapert,arleg,1
jasonrapert,arpx,1
jayoung1892,DomesticTerrorist,1
jayoung1892,SeditionHasConsequences,1
jayoung1892,Trump,1
jgcOCANADA,BucksCounty,1
jgcOCANADA,CapitolInsurrection,1
jgcOCANADA,J6,1
jgcOCANADA,JimWorthington,1
jgcOCANADA,PA01,1
jgcOCANADA,PASEN,1
jgcOCANADA,Pennsylvania,1
jgcOCANADA,StopTheSteal,1
jid722,ElectionIntegrity,1
jid722,StopTheSteal,1
jimahmed487,ProtectRoeVWade,1
jimahmed487,StopTheSteal,1
jmh6225,House,1
jmh6225,SavingDemocracy,1
jmh6225,Senate,1
joeylamorte,StopTheSteal,1
joeylamorte,Trump,1
joycemarieh66,kag,1
joycemarieh66,maga,1
joycemarieh66,misinformation,1
jtp2106,Auditthescore,1
jtp2106,StoptheSteal,1
julia_doughty,AmericanTaliban,1
julia_doughty,BigLie,1
julia_doughty,January6th,1
julia_doughty,January6thInsurrection,1
julia_doughty,RollingCoup,1
karenacoburn1,kag,1
karenacoburn1,maga,1
karenacoburn1,misinformation,1
karenfhy,FBI,1
karenfhy,PaulManafort,1
karenfhy,Putin,1
kenn264,Fancelli,1
kenn264,Publix,1
kinley_brenda,VA,1
kinley_brenda,votersuppression,1
laurent34271125,Macron,1
laurent34271125,STOPtheSTEAL,1
leslymill,AuditAll50States,1
leslymill,ForensicAudit,1
leslymill,Scientific,1
leslymill,StopTheSteal,1
leslymill,Trump,1
leslymill,Trump2020,1
libretotalk,kag,1
libretotalk,maga,1
libretotalk,misinformation,1
lionfish828,freedomfromreligion,1
lionfish828,religiousrightisneither,1
lionfish828,richgetricher,1
lionfish828,stopthegrift,1
lionfish828,stoptheinsanity,1
lionfish828,stopthesteal,1
lionfish828,thebiglie,1
lipstickalley,DonaldTrump,1
lipstickalley,stopthesteal,1
lordwhorfin,Insurrection,1
lordwhorfin,Jan6th,1
lordwhorfin,StopTheSteal,1
lschulz01,AZAudit,1
lschulz01,STOPtheSTEAL,1
ltanner70,kag,1
ltanner70,maga,1
ltanner70,misinformation,1
lulu33062,kag,1
lulu33062,maga,1
lulu33062,misinformation,1
lumpybu,Fancelli,1
lumpybu,Publix,1
maan_shot,Coinbase,1
maan_shot,CryptoNews,1
maan_shot,Employees,1
maan_shot,NuCypher,2
maan_shot,Refund,1
maan_shot,StopTheSteal,1
maan_shot,anditsgone,1
maan_shot,bank,1
maan_shot,binance,1
maan_shot,coinbase,1
maan_shot,coinbasesteal,1
maan_shot,crypto,3
maan_shot,cryptocurrency,1
maan_shot,customer,1
maan_shot,digitalthiefs,1
maan_shot,marketprice,1
maan_shot,nucypher,3
maan_shot,robbed,1
maan_shot,stopthesteal,4
maggi6164,Macron,1
maggi6164,STOPtheSTEAL,1
mariecorfield,NJGovDebate,1
mariecorfield,StopTheSteal,1
mjcaswell,FBI,1
mjcaswell,PaulManafort,1
mjcaswell,Putin,1
mmyer1018,kag,1
mmyer1018,maga,1
mmyer1018,misinformation,1
morin3c,Fancelli,1
morin3c,Publix,1
neleh60,VA,1
neleh60,votersuppression,1
nivnos33,GOPTraitors,1
nivnos33,LaurenBoebertIsSoDumb,1
nivnos33,MAGA,1
nivnos33,StopTheSteal,1
nivnos33,TrumpRally,1
nnamike2,FJBiden,1
nnamike2,FKamala,1
nnamike2,Flashback,1
nutmeg62,kag,1
nutmeg62,maga,1
nutmeg62,misinformation,1
omoore23,freetheglare,1
omoore23,glaresupremecy,1
omoore23,stopthesteal,1
onepablo,Election2020,1
onepablo,FloridaMan,1
onepablo,StopTheSteal,1
onepablo,Trump,1
optix_c,Insurrection,1
optix_c,J6,1
optix_c,StopTheSteal,1
optix_c,Trump,1
oswaldo20151,Macron,1
oswaldo20151,STOPtheSTEAL,1
pamvirk,Fancelli,1
pamvirk,Publix,1
patrici47462841,kag,1
patrici47462841,maga,1
patrici47462841,misinformation,1
paulak1665,kag,1
paulak1665,maga,1
paulak1665,misinformation,1
pawdebb,kag,1
pawdebb,maga,1
pawdebb,misinformation,1
penski23,FBI,1
penski23,PaulManafort,1
penski23,Putin,1
piptiegirl,Fancelli,1
piptiegirl,Publix,1
poet_cali,illegal,1
poet_cali,insurrection,1
poet_cali,sedition,1
poet_cali,treason,1
poetotem,19Entities,1
poetotem,30Meetings,1
poetotem,44Staffers,1
poetotem,90Pages,1
poetotem,Alabama,1
poetotem,Antitrust,1
poetotem,Civil,1
poetotem,ElectionLaw,1
poetotem,Emails,1
poetotem,Expenses,1
poetotem,Facebook,1
poetotem,Florida,1
poetotem,Generals,1
poetotem,January5th,1
poetotem,January6th,1
poetotem,Liability,1
poetotem,Missouri,1
poetotem,MissouriAG,1
poetotem,RAGA,1
poetotem,RLDF,1
poetotem,Report,1
poetotem,RoboCalls,1
poetotem,StopTheSteal,1
poetotem,TheBusinessOfMakingFriends,1
poetotem,USCOC,1
poetotem,WarGames,1
ralesch,Fraudit,1
ralesch,GOPTraitorsToDemocracy,1
ralesch,Resist,1
ralesch,StopTheSteal,1
ralesch,WisconsinFraudit,1
ralesch,tuesdayvibe,1
reversedimages1,kag,1
reversedimages1,maga,1
reversedimages1,misinformation,1
rovcheck,AuditAll50States,2
rovcheck,ForensicAudit,1
rovcheck,LockThemUp,1
rovcheck,MAGA,2
rovcheck,StopTheSteal,3
rovcheck,Trump,2
rovcheck,Trump2020,1
rovcheck,TrumpWon,1
rovcheck,USA,2
sacole52,Fancelli,1
sacole52,Publix,1
samkn4n,RecountFL,1
samkn4n,StopTheCount,1
samkn4n,StopTheSteal,1
sauravayu,VA,1
sauravayu,votersuppression,1
scar210,JaniceTheMenace,1
scar210,ResignJanice,1
scar210,ayduhhoe,1
scar210,lockherup,1
scar210,stopthesteal,1
selectttt,FBI,1
selectttt,PaulManafort,1
selectttt,Putin,1
sgaut,AshliBabbitt,1
sgaut,Pathetic,1
sgaut,StopTheSteal,2
sgaut,TheBigLie,1
sgaut,kag,1
sgaut,maga,1
sgaut,misinformation,1
silverfemale1,EnoughIsEnough,1
silverfemale1,GOP,1
silverfemale1,GreedOverPeople,1
silverfemale1,Kleptocrats,1
silverfemale1,NoMoreTaxEvasion,1
silverfemale1,SouthDakota,1
silverfemale1,StopTheSteal,1
silverfemale1,TaxAvoidanceState,1
smimsitis,FBI,1
smimsitis,PaulManafort,1
smimsitis,Putin,1
sparky_jabrones,ElectionIntegrity,1
sparky_jabrones,Elections2022,1
sparky_jabrones,VoterID,1
sparky_jabrones,electionfraud,1
sparky_jabrones,stopthesteal,1
squeezeking4,Squeeze,1
squeezeking4,StoptheSteal,2
squeezeking4,SuspectWallet,1
squeezeking4,WaronCryptoTerror,3
squeezeking4,WaronRugs,3
suetsam,kag,1
suetsam,maga,1
suetsam,misinformation,1
suzie462,Fancelli,1
suzie462,Publix,1
suzierebel,AliAlexander,1
suzierebel,Jan6Committee,1
suzierebel,StopTheSteal,1
thegatewaiting,kag,1
thegatewaiting,maga,1
thegatewaiting,misinformation,1
themrpov,FJBiden,1
themrpov,FKamala,1
themrpov,Flashback,1
themrpov,StopTheSteal,1
themrpov,TrumpWon,1
therealwombat1,BigLie,1
therealwombat1,Hell,1
therealwombat1,Prison,1
therealwombat1,StopTheSteal,1
therealwombat1,TFG,1
therealwombat1,trumpSupporters,1
troubadur64,Macron,1
troubadur64,STOPtheSTEAL,1
trustingmyvibes,kag,1
trustingmyvibes,maga,1
trustingmyvibes,misinformation,1
tryingBot05,fraud,1
tryingBot05,liberal,1
tryingBot05,news,1
tryingBot05,uselections,1
tryingBot05,uspolitics,1
urLIFEwillBLOOM,kag,1
urLIFEwillBLOOM,maga,1
urLIFEwillBLOOM,misinformation,1
usaselfie,BLM,1
usaselfie,BOENYC,1
usaselfie,BlackLivesMatter,1
usaselfie,CarmenQuinones,1
usaselfie,CurtisSliwa,1
usaselfie,Democrat,1
usaselfie,DontBeFooled,1
usaselfie,EricAdams,1
usaselfie,Harlem,1
usaselfie,NYCBOE,1
usaselfie,NYCElection2021,1
usaselfie,ShaunAbreu,1
usaselfie,StopRealSteal,1
usaselfie,StopTheSteal,1
usaselfie,Trump,1
viralvideovlogs,BLM,1
viralvideovlogs,COVID19,1
viralvideovlogs,JoeBidenIsaDisgrace,1
viralvideovlogs,JoeBidensAmerica,1
viralvideovlogs,MAGA2024,1
viralvideovlogs,TrumpRally,1
viralvideovlogs,TrumpWasRight,1
viralvideovlogs,stopthesteal,1
walnutsthe2ed,DomesticTerrorist,1
walnutsthe2ed,FBRParty,1
walnutsthe2ed,MAGA,2
walnutsthe2ed,Resist,1
walnutsthe2ed,SeditionHasConsequences,1
walnutsthe2ed,SeditiousTrump,1
walnutsthe2ed,StopTheSteal,2
walnutsthe2ed,Trump,1
wildwillow65,MitchMcConnell,1
wildwillow65,SupremeCourt,1
wildwillow65,Trump,1
writingMaine,GQP,1
writingMaine,GQPTraitorsToDemocracy,1
writingMaine,StopTheSteal,1
